Navn;Stasjon;Tid(norsk normaltid);Nedbør (mnd)
Bråtå - Slettom;SN15730;01.2000;114
Bråtå - Slettom;SN15730;02.2000;71,8
Bråtå - Slettom;SN15730;03.2000;45,9
Bråtå - Slettom;SN15730;04.2000;37,7
Bråtå - Slettom;SN15730;05.2000;30,7
Bråtå - Slettom;SN15730;06.2000;111,8
Bråtå - Slettom;SN15730;07.2000;25,8
Bråtå - Slettom;SN15730;08.2000;35,7
Bråtå - Slettom;SN15730;09.2000;37,5
Bråtå - Slettom;SN15730;10.2000;27,1
Bråtå - Slettom;SN15730;11.2000;27,6
Bråtå - Slettom;SN15730;12.2000;15,9
Bråtå - Slettom;SN15730;01.2001;20,4
Bråtå - Slettom;SN15730;02.2001;28
Bråtå - Slettom;SN15730;03.2001;10,8
Bråtå - Slettom;SN15730;04.2001;28,7
Bråtå - Slettom;SN15730;05.2001;21,9
Bråtå - Slettom;SN15730;06.2001;24,2
Bråtå - Slettom;SN15730;07.2001;48,6
Bråtå - Slettom;SN15730;08.2001;48,5
Bråtå - Slettom;SN15730;09.2001;20,9
Bråtå - Slettom;SN15730;10.2001;55,8
Bråtå - Slettom;SN15730;11.2001;96,4
Bråtå - Slettom;SN15730;12.2001;25,8
Bråtå - Slettom;SN15730;01.2002;55
Bråtå - Slettom;SN15730;02.2002;68,1
Bråtå - Slettom;SN15730;03.2002;70,4
Bråtå - Slettom;SN15730;04.2002;3,2
Bråtå - Slettom;SN15730;05.2002;24,8
Bråtå - Slettom;SN15730;06.2002;21,9
Bråtå - Slettom;SN15730;07.2002;77,7
Bråtå - Slettom;SN15730;08.2002;30,1
Bråtå - Slettom;SN15730;09.2002;14,7
Bråtå - Slettom;SN15730;10.2002;43,2
Bråtå - Slettom;SN15730;11.2002;35,8
Bråtå - Slettom;SN15730;12.2002;10,3
Bråtå - Slettom;SN15730;01.2003;72,5
Bråtå - Slettom;SN15730;02.2003;6
Bråtå - Slettom;SN15730;03.2003;12,4
Bråtå - Slettom;SN15730;04.2003;9,8
Bråtå - Slettom;SN15730;05.2003;84,3
Bråtå - Slettom;SN15730;06.2003;34,2
Bråtå - Slettom;SN15730;07.2003;31,3
Bråtå - Slettom;SN15730;08.2003;63,7
Bråtå - Slettom;SN15730;09.2003;53,8
Bråtå - Slettom;SN15730;10.2003;14,3
Bråtå - Slettom;SN15730;11.2003;19,8
Bråtå - Slettom;SN15730;12.2003;110
Bråtå - Slettom;SN15730;01.2004;31,5
Bråtå - Slettom;SN15730;02.2004;59,2
Bråtå - Slettom;SN15730;03.2004;9,5
Bråtå - Slettom;SN15730;04.2004;12,8
Bråtå - Slettom;SN15730;05.2004;22,7
Bråtå - Slettom;SN15730;06.2004;50,2
Bråtå - Slettom;SN15730;07.2004;45
Bråtå - Slettom;SN15730;08.2004;30,6
Bråtå - Slettom;SN15730;09.2004;65,9
Bråtå - Slettom;SN15730;10.2004;21,5
Bråtå - Slettom;SN15730;11.2004;123,7
Bråtå - Slettom;SN15730;12.2004;69,4
Bråtå - Slettom;SN15730;01.2005;157,1
Bråtå - Slettom;SN15730;02.2005;22,4
Bråtå - Slettom;SN15730;03.2005;17,6
Bråtå - Slettom;SN15730;04.2005;27,9
Bråtå - Slettom;SN15730;05.2005;29,4
Bråtå - Slettom;SN15730;06.2005;36,2
Bråtå - Slettom;SN15730;07.2005;19,4
Bråtå - Slettom;SN15730;08.2005;75,7
Bråtå - Slettom;SN15730;09.2005;54,6
Bråtå - Slettom;SN15730;10.2005;41,5
Bråtå - Slettom;SN15730;11.2005;145
Bråtå - Slettom;SN15730;12.2005;61,4
Bråtå - Slettom;SN15730;01.2006;31,4
Bråtå - Slettom;SN15730;02.2006;34,5
Bråtå - Slettom;SN15730;03.2006;9
Bråtå - Slettom;SN15730;04.2006;10,9
Bråtå - Slettom;SN15730;05.2006;22,3
Bråtå - Slettom;SN15730;06.2006;22,6
Bråtå - Slettom;SN15730;07.2006;37,2
Bråtå - Slettom;SN15730;08.2006;54,8
Bråtå - Slettom;SN15730;09.2006;22,4
Bråtå - Slettom;SN15730;10.2006;57,8
Bråtå - Slettom;SN15730;11.2006;105,4
Bråtå - Slettom;SN15730;12.2006;85,9
Bråtå - Slettom;SN15730;01.2007;137,8
Bråtå - Slettom;SN15730;02.2007;23,5
Bråtå - Slettom;SN15730;03.2007;35,4
Bråtå - Slettom;SN15730;04.2007;23,7
Bråtå - Slettom;SN15730;05.2007;36,5
Bråtå - Slettom;SN15730;06.2007;28,2
Bråtå - Slettom;SN15730;07.2007;67,1
Bråtå - Slettom;SN15730;08.2007;51,8
Bråtå - Slettom;SN15730;09.2007;55,1
Bråtå - Slettom;SN15730;10.2007;62,5
Bråtå - Slettom;SN15730;11.2007;110,9
Bråtå - Slettom;SN15730;12.2007;53
Bråtå - Slettom;SN15730;01.2008;112,1
Bråtå - Slettom;SN15730;02.2008;70,6
Bråtå - Slettom;SN15730;03.2008;24,9
Bråtå - Slettom;SN15730;04.2008;10,9
Bråtå - Slettom;SN15730;05.2008;14,4
Bråtå - Slettom;SN15730;06.2008;44,8
Bråtå - Slettom;SN15730;07.2008;11,2
Bråtå - Slettom;SN15730;08.2008;51,4
Bråtå - Slettom;SN15730;09.2008;26,8
Bråtå - Slettom;SN15730;10.2008;107,9
Bråtå - Slettom;SN15730;11.2008;98,8
Bråtå - Slettom;SN15730;12.2008;61,7
Bråtå - Slettom;SN15730;01.2009;74,9
Bråtå - Slettom;SN15730;02.2009;31,2
Bråtå - Slettom;SN15730;03.2009;30,6
Bråtå - Slettom;SN15730;04.2009;6,3
Bråtå - Slettom;SN15730;05.2009;29,7
Bråtå - Slettom;SN15730;06.2009;23,9
Bråtå - Slettom;SN15730;07.2009;77,5
Bråtå - Slettom;SN15730;08.2009;98,8
Bråtå - Slettom;SN15730;09.2009;65,3
Bråtå - Slettom;SN15730;10.2009;25,1
Bråtå - Slettom;SN15730;11.2009;49,3
Bråtå - Slettom;SN15730;12.2009;29
Bråtå - Slettom;SN15730;01.2010;8,8
Bråtå - Slettom;SN15730;02.2010;3,8
Bråtå - Slettom;SN15730;03.2010;20,8
Bråtå - Slettom;SN15730;04.2010;16,5
Bråtå - Slettom;SN15730;05.2010;15,9
Bråtå - Slettom;SN15730;06.2010;51,1
Bråtå - Slettom;SN15730;07.2010;88,6
Bråtå - Slettom;SN15730;08.2010;80,7
Bråtå - Slettom;SN15730;09.2010;50,4
Bråtå - Slettom;SN15730;10.2010;64,9
Bråtå - Slettom;SN15730;11.2010;4,5
Bråtå - Slettom;SN15730;12.2010;18,3
Bråtå - Slettom;SN15730;01.2011;72
Bråtå - Slettom;SN15730;02.2011;26,8
Bråtå - Slettom;SN15730;03.2011;116,7
Bråtå - Slettom;SN15730;04.2011;43,7
Bråtå - Slettom;SN15730;05.2011;53,3
Bråtå - Slettom;SN15730;06.2011;58,9
Bråtå - Slettom;SN15730;07.2011;89,8
Bråtå - Slettom;SN15730;08.2011;87,2
Bråtå - Slettom;SN15730;09.2011;33,5
Bråtå - Slettom;SN15730;10.2011;63,9
Bråtå - Slettom;SN15730;11.2011;111,5
Bråtå - Slettom;SN15730;12.2011;113,2
Bråtå - Slettom;SN15730;01.2012;69,3
Bråtå - Slettom;SN15730;02.2012;35
Bråtå - Slettom;SN15730;03.2012;35,2
Bråtå - Slettom;SN15730;04.2012;31,7
Bråtå - Slettom;SN15730;05.2012;24,6
Bråtå - Slettom;SN15730;06.2012;10,8
Bråtå - Slettom;SN15730;07.2012;58
Bråtå - Slettom;SN15730;08.2012;69,4
Bråtå - Slettom;SN15730;09.2012;42,3
Bråtå - Slettom;SN15730;10.2012;53,8
Bråtå - Slettom;SN15730;11.2012;45,3
Bråtå - Slettom;SN15730;12.2012;25,3
Bråtå - Slettom;SN15730;01.2013;22,1
Bråtå - Slettom;SN15730;02.2013;12,8
Bråtå - Slettom;SN15730;03.2013;4,3
Bråtå - Slettom;SN15730;04.2013;27,6
Bråtå - Slettom;SN15730;05.2013;71,7
Bråtå - Slettom;SN15730;06.2013;73,7
Bråtå - Slettom;SN15730;07.2013;24,4
Bråtå - Slettom;SN15730;08.2013;77,4
Bråtå - Slettom;SN15730;09.2013;23,2
Bråtå - Slettom;SN15730;10.2013;50,1
Bråtå - Slettom;SN15730;11.2013;82,7
Bråtå - Slettom;SN15730;12.2013;128,7
Bråtå - Slettom;SN15730;01.2014;25,6
Bråtå - Slettom;SN15730;02.2014;38
Bråtå - Slettom;SN15730;03.2014;58,1
Bråtå - Slettom;SN15730;04.2014;10,2
Bråtå - Slettom;SN15730;05.2014;24,2
Bråtå - Slettom;SN15730;06.2014;16,8
Bråtå - Slettom;SN15730;07.2014;61,7
Bråtå - Slettom;SN15730;08.2014;38,3
Bråtå - Slettom;SN15730;09.2014;44,6
Bråtå - Slettom;SN15730;10.2014;108,6
Bråtå - Slettom;SN15730;11.2014;33,2
Bråtå - Slettom;SN15730;12.2014;74,1
Bråtå - Slettom;SN15730;01.2015;106,3
Bråtå - Slettom;SN15730;02.2015;39,9
Bråtå - Slettom;SN15730;03.2015;77,3
Bråtå - Slettom;SN15730;04.2015;26,8
Bråtå - Slettom;SN15730;05.2015;30,8
Bråtå - Slettom;SN15730;06.2015;12,5
Bråtå - Slettom;SN15730;07.2015;63,1
Bråtå - Slettom;SN15730;08.2015;29,6
Bråtå - Slettom;SN15730;09.2015;18,3
Bråtå - Slettom;SN15730;10.2015;19,7
Bråtå - Slettom;SN15730;11.2015;75,2
Bråtå - Slettom;SN15730;12.2015;116,7
Bråtå - Slettom;SN15730;01.2016;48,2
Bråtå - Slettom;SN15730;02.2016;27,3
Bråtå - Slettom;SN15730;03.2016;18,4
Bråtå - Slettom;SN15730;04.2016;10,5
Bråtå - Slettom;SN15730;05.2016;8,6
Bråtå - Slettom;SN15730;06.2016;22,9
Bråtå - Slettom;SN15730;07.2016;71,2
Bråtå - Slettom;SN15730;08.2016;84,4
Bråtå - Slettom;SN15730;09.2016;66,7
Bråtå - Slettom;SN15730;10.2016;27,2
Bråtå - Slettom;SN15730;11.2016;48,5
Bråtå - Slettom;SN15730;12.2016;132,3
Bråtå - Slettom;SN15730;01.2017;23,6
Bråtå - Slettom;SN15730;02.2017;20,6
Bråtå - Slettom;SN15730;03.2017;41,6
Bråtå - Slettom;SN15730;04.2017;26,1
Bråtå - Slettom;SN15730;05.2017;25,6
Bråtå - Slettom;SN15730;06.2017;32,4
Bråtå - Slettom;SN15730;07.2017;71,1
Bråtå - Slettom;SN15730;08.2017;61,9
Bråtå - Slettom;SN15730;09.2017;37,1
Bråtå - Slettom;SN15730;10.2017;64,8
Bråtå - Slettom;SN15730;11.2017;70,3
Bråtå - Slettom;SN15730;12.2017;65,8
Bråtå - Slettom;SN15730;01.2018;56,7
Bråtå - Slettom;SN15730;02.2018;10,3
Bråtå - Slettom;SN15730;03.2018;9,4
Bråtå - Slettom;SN15730;04.2018;26
Bråtå - Slettom;SN15730;05.2018;25,4
Bråtå - Slettom;SN15730;06.2018;41,8
Bråtå - Slettom;SN15730;07.2018;29,9
Bråtå - Slettom;SN15730;08.2018;67,7
Bråtå - Slettom;SN15730;09.2018;120,9
Bråtå - Slettom;SN15730;10.2018;90,9
Bråtå - Slettom;SN15730;11.2018;23,4
Bråtå - Slettom;SN15730;12.2018;20,9
Bråtå - Slettom;SN15730;01.2019;108,2
Bråtå - Slettom;SN15730;02.2019;27,5
Bråtå - Slettom;SN15730;03.2019;65,4
Bråtå - Slettom;SN15730;04.2019;0
Bråtå - Slettom;SN15730;05.2019;21,7
Bråtå - Slettom;SN15730;06.2019;40,2
Bråtå - Slettom;SN15730;07.2019;49,1
Bråtå - Slettom;SN15730;08.2019;64,7
Bråtå - Slettom;SN15730;09.2019;95,4
Bråtå - Slettom;SN15730;10.2019;28,3
Bråtå - Slettom;SN15730;11.2019;23,4
Bråtå - Slettom;SN15730;12.2019;79,2
Bråtå - Slettom;SN15730;01.2020;145
Bråtå - Slettom;SN15730;02.2020;93,3
Bråtå - Slettom;SN15730;03.2020;37,2
Bråtå - Slettom;SN15730;04.2020;38,3
Bråtå - Slettom;SN15730;05.2020;12,4
Bråtå - Slettom;SN15730;06.2020;17,6
Bråtå - Slettom;SN15730;07.2020;27,3
Bråtå - Slettom;SN15730;08.2020;52,9
Bråtå - Slettom;SN15730;09.2020;42,4
Bråtå - Slettom;SN15730;10.2020;34,2
Beito;SN23560;01.2000;25,3
Beito;SN23560;02.2000;27,3
Beito;SN23560;03.2000;34,7
Beito;SN23560;04.2000;92,2
Beito;SN23560;05.2000;49,4
Beito;SN23560;06.2000;96,3
Beito;SN23560;07.2000;100
Beito;SN23560;08.2000;95,1
Beito;SN23560;09.2000;73,2
Beito;SN23560;10.2000;177,7
Beito;SN23560;11.2000;226,3
Beito;SN23560;12.2000;61,5
Beito;SN23560;01.2001;68,6
Beito;SN23560;02.2001;21,5
Beito;SN23560;03.2001;23,7
Beito;SN23560;04.2001;100,7
Beito;SN23560;05.2001;33,9
Beito;SN23560;06.2001;58,2
Beito;SN23560;07.2001;126,8
Beito;SN23560;08.2001;118,7
Beito;SN23560;09.2001;52,7
Beito;SN23560;10.2001;150,6
Beito;SN23560;11.2001;52,9
Beito;SN23560;12.2001;50,5
Beito;SN23560;01.2002;53,2
Beito;SN23560;02.2002;60,7
Beito;SN23560;03.2002;28,9
Beito;SN23560;04.2002;25,9
Beito;SN23560;05.2002;132,9
Beito;SN23560;06.2002;83,8
Beito;SN23560;07.2002;138,9
Beito;SN23560;08.2002;43,3
Beito;SN23560;09.2002;47,5
Beito;SN23560;10.2002;82
Beito;SN23560;11.2002;47,9
Beito;SN23560;12.2002;31,6
Beito;SN23560;01.2003;61,1
Beito;SN23560;02.2003;14,4
Beito;SN23560;03.2003;27,9
Beito;SN23560;04.2003;36,1
Beito;SN23560;05.2003;106
Beito;SN23560;06.2003;76,6
Beito;SN23560;07.2003;89
Beito;SN23560;08.2003;80
Beito;SN23560;09.2003;66,6
Beito;SN23560;10.2003;30,6
Beito;SN23560;11.2003;64,4
Beito;SN23560;12.2003;60,5
Beito;SN23560;01.2004;68,3
Beito;SN23560;02.2004;27,5
Beito;SN23560;03.2004;38,6
Beito;SN23560;04.2004;50,4
Beito;SN23560;05.2004;41,1
Beito;SN23560;06.2004;78,1
Beito;SN23560;07.2004;79,4
Beito;SN23560;08.2004;115,1
Beito;SN23560;09.2004;61,5
Beito;SN23560;10.2004;115,5
Beito;SN23560;11.2004;67,3
Beito;SN23560;12.2004;32,5
Beito;SN23560;01.2005;73,2
Beito;SN23560;02.2005;10,8
Beito;SN23560;03.2005;24,2
Beito;SN23560;04.2005;37,8
Beito;SN23560;05.2005;59,3
Beito;SN23560;06.2005;59,5
Beito;SN23560;07.2005;50,3
Beito;SN23560;08.2005;64,9
Beito;SN23560;09.2005;44,3
Beito;SN23560;10.2005;66,1
Beito;SN23560;11.2005;105,5
Beito;SN23560;12.2005;25,3
Beito;SN23560;01.2006;58,6
Beito;SN23560;02.2006;47,1
Beito;SN23560;03.2006;15,8
Beito;SN23560;04.2006;25,1
Beito;SN23560;05.2006;66,5
Beito;SN23560;06.2006;24,5
Beito;SN23560;07.2006;74,7
Beito;SN23560;08.2006;91,7
Beito;SN23560;09.2006;60,5
Beito;SN23560;10.2006;162
Beito;SN23560;11.2006;116,1
Beito;SN23560;12.2006;106,9
Beito;SN23560;01.2007;111,6
Beito;SN23560;02.2007;39,1
Beito;SN23560;03.2007;65,1
Beito;SN23560;04.2007;19
Beito;SN23560;05.2007;61,2
Beito;SN23560;06.2007;80,9
Beito;SN23560;07.2007;202,8
Beito;SN23560;08.2007;62,5
Beito;SN23560;09.2007;35,9
Beito;SN23560;10.2007;30,1
Beito;SN23560;11.2007;41,9
Beito;SN23560;12.2007;70,6
Beito;SN23560;01.2008;132,7
Beito;SN23560;02.2008;59,4
Beito;SN23560;03.2008;86,8
Beito;SN23560;04.2008;50,8
Beito;SN23560;05.2008;45,2
Beito;SN23560;06.2008;55,7
Beito;SN23560;07.2008;107,3
Beito;SN23560;08.2008;154,5
Beito;SN23560;09.2008;60,7
Beito;SN23560;10.2008;67,1
Beito;SN23560;11.2008;75,6
Beito;SN23560;12.2008;35,9
Beito;SN23560;01.2009;93,1
Beito;SN23560;02.2009;31,5
Beito;SN23560;03.2009;70,9
Beito;SN23560;04.2009;30,2
Beito;SN23560;05.2009;49,9
Beito;SN23560;06.2009;33,3
Beito;SN23560;07.2009;158
Beito;SN23560;08.2009;163,9
Beito;SN23560;09.2009;35,5
Beito;SN23560;10.2009;42,9
Beito;SN23560;11.2009;145,7
Beito;SN23560;12.2009;50,5
Beito;SN23560;01.2010;15,9
Beito;SN23560;02.2010;15,7
Beito;SN23560;03.2010;43,8
Beito;SN23560;04.2010;36
Beito;SN23560;05.2010;31,2
Beito;SN23560;06.2010;62,1
Beito;SN23560;07.2010;93,4
Beito;SN23560;08.2010;142,3
Beito;SN23560;09.2010;57,7
Beito;SN23560;10.2010;128,6
Beito;SN23560;11.2010;18,8
Beito;SN23560;12.2010;9,3
Beito;SN23560;01.2011;60,9
Beito;SN23560;02.2011;32
Beito;SN23560;03.2011;12,5
Beito;SN23560;04.2011;31,3
Beito;SN23560;05.2011;55
Beito;SN23560;06.2011;200,9
Beito;SN23560;07.2011;213
Beito;SN23560;08.2011;211,9
Beito;SN23560;09.2011;133,3
Beito;SN23560;10.2011;53,1
Beito;SN23560;11.2011;49,2
Beito;SN23560;12.2011;80,9
Beito;SN23560;01.2012;71,3
Beito;SN23560;02.2012;17,3
Beito;SN23560;03.2012;11,3
Beito;SN23560;04.2012;100,4
Beito;SN23560;05.2012;35,7
Beito;SN23560;06.2012;95,4
Beito;SN23560;07.2012;126,7
Beito;SN23560;08.2012;122,1
Beito;SN23560;09.2012;37,4
Beito;SN23560;10.2012;77,1
Beito;SN23560;11.2012;118,5
Beito;SN23560;12.2012;59,2
Beito;SN23560;01.2013;28,2
Beito;SN23560;02.2013;12,5
Beito;SN23560;03.2013;2,3
Beito;SN23560;04.2013;19,8
Beito;SN23560;05.2013;187,4
Beito;SN23560;06.2013;149,7
Beito;SN23560;07.2013;37,7
Beito;SN23560;09.2013;120
Beito;SN23560;10.2013;58,1
Beito;SN23560;11.2013;34
Beito;SN23560;12.2013;111,8
Beito;SN23560;01.2014;115,4
Beito;SN23560;02.2014;108,9
Beito;SN23560;03.2014;60,3
Beito;SN23560;05.2014;44,4
Beito;SN23560;06.2014;31,1
Beito;SN23560;07.2014;89,9
Beito;SN23560;09.2014;19,7
Beito;SN23560;10.2014;122,9
Beito;SN23560;11.2014;121,2
Beito;SN23560;12.2014;55,6
Beito;SN23560;01.2015;133,7
Beito;SN23560;02.2015;32,7
Beito;SN23560;03.2015;29,9
Beito;SN23560;05.2015;81
Beito;SN23560;06.2015;31,7
Beito;SN23560;07.2015;112
Beito;SN23560;08.2015;102,2
Beito;SN23560;09.2015;123,4
Beito;SN23560;10.2015;15,5
Beito;SN23560;11.2015;62,4
Beito;SN23560;12.2015;80,6
Beito;SN23560;01.2016;49,5
Beito;SN23560;02.2016;76,1
Beito;SN23560;03.2016;28
Beito;SN23560;04.2016;30,5
Beito;SN23560;05.2016;56,1
Beito;SN23560;06.2016;85,8
Beito;SN23560;07.2016;92,1
Beito;SN23560;08.2016;109,9
Beito;SN23560;09.2016;63,8
Beito;SN23560;10.2016;21,4
Beito;SN23560;11.2016;77,3
Beito;SN23560;12.2016;34,6
Beito;SN23560;01.2017;25,8
Beito;SN23560;02.2017;32
Beito;SN23560;03.2017;32,7
Beito;SN23560;04.2017;36,6
Beito;SN23560;05.2017;74
Beito;SN23560;06.2017;78,2
Beito;SN23560;07.2017;67,3
Beito;SN23560;08.2017;130,5
Beito;SN23560;09.2017;159,8
Beito;SN23560;10.2017;136,2
Beito;SN23560;11.2017;65,2
Beito;SN23560;12.2017;66
Beito;SN23560;01.2018;115,8
Beito;SN23560;02.2018;57,6
Beito;SN23560;03.2018;35,6
Beito;SN23560;04.2018;64
Beito;SN23560;05.2018;30,3
Beito;SN23560;06.2018;42,4
Beito;SN23560;07.2018;49,1
Beito;SN23560;08.2018;154
Beito;SN23560;09.2018;99,3
Beito;SN23560;10.2018;44,8
Beito;SN23560;11.2018;120,8
Beito;SN23560;12.2018;80,7
Beito;SN23560;01.2019;53,4
Beito;SN23560;02.2019;42,4
Beito;SN23560;03.2019;63,7
Beito;SN23560;04.2019;4,7
Beito;SN23560;05.2019;116,5
Beito;SN23560;06.2019;93,7
Beito;SN23560;07.2019;79,2
Beito;SN23560;08.2019;162,7
Beito;SN23560;09.2019;80
Beito;SN23560;10.2019;50,4
Beito;SN23560;11.2019;79,5
Beito;SN23560;12.2019;60,5
Beito;SN23560;01.2020;62,1
Beito;SN23560;02.2020;69,6
Beito;SN23560;03.2020;56,2
Beito;SN23560;04.2020;25,5
Beito;SN23560;05.2020;35,6
Beito;SN23560;06.2020;117
Beito;SN23560;07.2020;146,1
Beito;SN23560;08.2020;58,9
Beito;SN23560;09.2020;87,4
Beito;SN23560;10.2020;116
Vågsli;SN33890;06.2002;90
Vågsli;SN33890;08.2002;43,5
Vågsli;SN33890;09.2002;36,1
Vågsli;SN33890;10.2002;77
Vågsli;SN33890;02.2003;29,3
Vågsli;SN33890;03.2003;73,3
Vågsli;SN33890;01.2004;131,6
Vågsli;SN33890;05.2005;85,7
Vågsli;SN33890;06.2005;59,2
Vågsli;SN33890;07.2005;107,9
Vågsli;SN33890;08.2005;54,1
Vågsli;SN33890;09.2005;94,5
Vågsli;SN33890;10.2005;87,3
Vågsli;SN33890;11.2005;214,6
Vågsli;SN33890;12.2005;38,4
Vågsli;SN33890;01.2006;108
Vågsli;SN33890;02.2006;63,6
Vågsli;SN33890;03.2006;47,9
Vågsli;SN33890;04.2006;72
Vågsli;SN33890;05.2006;52,1
Vågsli;SN33890;06.2006;38,5
Vågsli;SN33890;07.2006;67
Vågsli;SN33890;08.2006;99,8
Vågsli;SN33890;09.2006;65,1
Vågsli;SN33890;10.2006;173,7
Vågsli;SN33890;11.2006;226
Vågsli;SN33890;12.2006;233,4
Vågsli;SN33890;01.2007;217,8
Vågsli;SN33890;02.2007;70
Vågsli;SN33890;03.2007;104,3
Vågsli;SN33890;04.2007;45
Vågsli;SN33890;05.2007;53
Vågsli;SN33890;06.2007;37
Vågsli;SN33890;07.2007;141
Vågsli;SN33890;08.2007;71,8
Vågsli;SN33890;09.2007;94
Vågsli;SN33890;10.2007;54,4
Vågsli;SN33890;11.2007;92,3
Vågsli;SN33890;12.2007;158,1
Vågsli;SN33890;01.2008;208
Vågsli;SN33890;02.2008;184,3
Vågsli;SN33890;03.2008;95,3
Vågsli;SN33890;04.2008;71,8
Vågsli;SN33890;05.2008;14,5
Vågsli;SN33890;06.2008;50,9
Vågsli;SN33890;07.2008;76,7
Vågsli;SN33890;08.2008;114
Vågsli;SN33890;09.2008;62,6
Vågsli;SN33890;10.2008;194,9
Vågsli;SN33890;11.2008;128,5
Vågsli;SN33890;12.2008;95,2
Vågsli;SN33890;01.2009;160,5
Vågsli;SN33890;02.2009;49,2
Vågsli;SN33890;03.2009;77,5
Vågsli;SN33890;04.2009;39,7
Vågsli;SN33890;05.2009;74,1
Vågsli;SN33890;06.2009;18,4
Vågsli;SN33890;07.2009;118,7
Vågsli;SN33890;08.2009;148,2
Vågsli;SN33890;09.2009;50,5
Vågsli;SN33890;10.2009;77
Vågsli;SN33890;11.2009;199,7
Vågsli;SN33890;12.2009;53,3
Vågsli;SN33890;01.2010;30,3
Vågsli;SN33890;02.2010;33,2
Vågsli;SN33890;03.2010;71,1
Vågsli;SN33890;04.2010;54,5
Vågsli;SN33890;05.2010;45,3
Vågsli;SN33890;06.2010;30,6
Vågsli;SN33890;07.2010;106,1
Vågsli;SN33890;08.2010;96,6
Vågsli;SN33890;09.2010;85,9
Vågsli;SN33890;10.2010;152,3
Vågsli;SN33890;11.2010;39,2
Vågsli;SN33890;12.2010;21,9
Vågsli;SN33890;01.2011;126,5
Vågsli;SN33890;02.2011;130,5
Vågsli;SN33890;03.2011;81,1
Vågsli;SN33890;04.2011;60,5
Vågsli;SN33890;05.2011;130,9
Vågsli;SN33890;06.2011;162,1
Vågsli;SN33890;07.2011;123,1
Vågsli;SN33890;08.2011;109,1
Vågsli;SN33890;09.2011;183
Vågsli;SN33890;10.2011;113,2
Vågsli;SN33890;11.2011;155,9
Vågsli;SN33890;12.2011;235,1
Vågsli;SN33890;01.2012;141,5
Vågsli;SN33890;02.2012;88,5
Vågsli;SN33890;03.2012;45,4
Vågsli;SN33890;04.2012;73,9
Vågsli;SN33890;05.2012;48,8
Vågsli;SN33890;06.2012;50,3
Vågsli;SN33890;07.2012;114,9
Vågsli;SN33890;08.2012;91,2
Vågsli;SN33890;09.2012;71,8
Vågsli;SN33890;10.2012;107,9
Vågsli;SN33890;11.2012;148,8
Vågsli;SN33890;12.2012;143,6
Vågsli;SN33890;01.2013;80,4
Vågsli;SN33890;02.2013;23,4
Vågsli;SN33890;03.2013;19,3
Vågsli;SN33890;04.2013;104,8
Vågsli;SN33890;05.2013;89,9
Vågsli;SN33890;06.2013;104,5
Vågsli;SN33890;07.2013;16,3
Vågsli;SN33890;08.2013;149,1
Vågsli;SN33890;09.2013;86,1
Vågsli;SN33890;10.2013;129,4
Vågsli;SN33890;11.2013;96,1
Vågsli;SN33890;12.2013;229,3
Vågsli;SN33890;01.2014;85,2
Vågsli;SN33890;02.2014;144,7
Vågsli;SN33890;03.2014;131,1
Vågsli;SN33890;04.2014;52,5
Vågsli;SN33890;05.2014;27,8
Vågsli;SN33890;06.2014;30,9
Vågsli;SN33890;07.2014;65,6
Vågsli;SN33890;08.2014;73,3
Vågsli;SN33890;09.2014;86,6
Vågsli;SN33890;10.2014;255,5
Vågsli;SN33890;11.2014;103,8
Vågsli;SN33890;12.2014;212,1
Vågsli;SN33890;01.2015;239,5
Vågsli;SN33890;02.2015;76,1
Vågsli;SN33890;03.2015;93
Vågsli;SN33890;04.2015;37
Vågsli;SN33890;05.2015;80,4
Vågsli;SN33890;06.2015;45,4
Vågsli;SN33890;07.2015;92
Vågsli;SN33890;08.2015;126,3
Vågsli;SN33890;09.2015;90,2
Vågsli;SN33890;10.2015;54,1
Vågsli;SN33890;11.2015;179,4
Vågsli;SN33890;12.2015;394,4
Vågsli;SN33890;01.2016;166,6
Vågsli;SN33890;02.2016;154
Vågsli;SN33890;03.2016;49,9
Vågsli;SN33890;04.2016;42,7
Vågsli;SN33890;05.2016;65,5
Vågsli;SN33890;06.2016;33,6
Vågsli;SN33890;07.2016;57,1
Vågsli;SN33890;08.2016;71,6
Vågsli;SN33890;09.2016;157
Vågsli;SN33890;10.2016;59
Vågsli;SN33890;11.2016;86,8
Vågsli;SN33890;12.2016;133
Vågsli;SN33890;01.2017;137,7
Vågsli;SN33890;02.2017;118,5
Vågsli;SN33890;03.2017;120,1
Vågsli;SN33890;04.2017;75,7
Vågsli;SN33890;05.2017;72,8
Vågsli;SN33890;06.2017;109,7
Vågsli;SN33890;07.2017;68,8
Vågsli;SN33890;08.2017;106,7
Vågsli;SN33890;12.2018;82,2
Vågsli;SN33890;01.2019;67,5
Vågsli;SN33890;02.2019;62,9
Vågsli;SN33890;03.2019;90,8
Vågsli;SN33890;04.2019;27,6
Vågsli;SN33890;05.2019;67,1
Vågsli;SN33890;06.2019;111,5
Vågsli;SN33890;07.2019;76,4
Vågsli;SN33890;08.2019;156,2
Vågsli;SN33890;09.2019;136,1
Vågsli;SN33890;10.2019;148,2
Vågsli;SN33890;11.2019;56,1
Vågsli;SN33890;12.2019;179,9
Vågsli;SN33890;01.2020;202,5
Vågsli;SN33890;02.2020;186,5
Vågsli;SN33890;03.2020;116,1
Vågsli;SN33890;04.2020;43,1
Vågsli;SN33890;05.2020;25,7
Vågsli;SN33890;06.2020;75,4
Vågsli;SN33890;07.2020;120,3
Vågsli;SN33890;08.2020;79,1
Vågsli;SN33890;09.2020;89,3
Vågsli;SN33890;10.2020;159,1
Jordalen - Nåsen;SN53160;01.2000;344
Jordalen - Nåsen;SN53160;02.2000;406,6
Jordalen - Nåsen;SN53160;03.2000;263
Jordalen - Nåsen;SN53160;04.2000;107,1
Jordalen - Nåsen;SN53160;05.2000;83,3
Jordalen - Nåsen;SN53160;06.2000;220,5
Jordalen - Nåsen;SN53160;07.2000;31,3
Jordalen - Nåsen;SN53160;08.2000;160,3
Jordalen - Nåsen;SN53160;09.2000;222,8
Jordalen - Nåsen;SN53160;10.2000;123,7
Jordalen - Nåsen;SN53160;11.2000;84,3
Jordalen - Nåsen;SN53160;12.2000;122,4
Jordalen - Nåsen;SN53160;01.2001;40,8
Jordalen - Nåsen;SN53160;02.2001;110,7
Jordalen - Nåsen;SN53160;03.2001;101,6
Jordalen - Nåsen;SN53160;04.2001;85,6
Jordalen - Nåsen;SN53160;05.2001;68,5
Jordalen - Nåsen;SN53160;06.2001;116,5
Jordalen - Nåsen;SN53160;07.2001;118,7
Jordalen - Nåsen;SN53160;08.2001;155,7
Jordalen - Nåsen;SN53160;09.2001;51
Jordalen - Nåsen;SN53160;10.2001;356,2
Jordalen - Nåsen;SN53160;11.2001;242,1
Jordalen - Nåsen;SN53160;12.2001;104,6
Jordalen - Nåsen;SN53160;01.2002;254,8
Jordalen - Nåsen;SN53160;02.2002;268,3
Jordalen - Nåsen;SN53160;03.2002;226,3
Jordalen - Nåsen;SN53160;04.2002;54,2
Jordalen - Nåsen;SN53160;05.2002;59,2
Jordalen - Nåsen;SN53160;06.2002;134,6
Jordalen - Nåsen;SN53160;07.2002;91,1
Jordalen - Nåsen;SN53160;08.2002;86,8
Jordalen - Nåsen;SN53160;09.2002;98,1
Jordalen - Nåsen;SN53160;10.2002;155,9
Jordalen - Nåsen;SN53160;11.2002;76,1
Jordalen - Nåsen;SN53160;12.2002;20,9
Jordalen - Nåsen;SN53160;01.2003;286,3
Jordalen - Nåsen;SN53160;02.2003;56,2
Jordalen - Nåsen;SN53160;03.2003;90,3
Jordalen - Nåsen;SN53160;04.2003;36,7
Jordalen - Nåsen;SN53160;05.2003;120,8
Jordalen - Nåsen;SN53160;06.2003;97,5
Jordalen - Nåsen;SN53160;07.2003;104,6
Jordalen - Nåsen;SN53160;08.2003;133,9
Jordalen - Nåsen;SN53160;09.2003;319,4
Jordalen - Nåsen;SN53160;10.2003;114,2
Jordalen - Nåsen;SN53160;11.2003;70,5
Jordalen - Nåsen;SN53160;12.2003;321,9
Jordalen - Nåsen;SN53160;01.2004;136,2
Jordalen - Nåsen;SN53160;02.2004;172,8
Jordalen - Nåsen;SN53160;03.2004;97,4
Jordalen - Nåsen;SN53160;04.2004;78,9
Jordalen - Nåsen;SN53160;05.2004;117,8
Jordalen - Nåsen;SN53160;06.2004;102,9
Jordalen - Nåsen;SN53160;07.2004;89,7
Jordalen - Nåsen;SN53160;08.2004;111,3
Jordalen - Nåsen;SN53160;09.2004;257,2
Jordalen - Nåsen;SN53160;10.2004;64,6
Jordalen - Nåsen;SN53160;11.2004;263,5
Jordalen - Nåsen;SN53160;12.2004;387,7
Jordalen - Nåsen;SN53160;01.2005;541,2
Jordalen - Nåsen;SN53160;02.2005;151,5
Jordalen - Nåsen;SN53160;03.2005;75,3
Jordalen - Nåsen;SN53160;04.2005;134,4
Jordalen - Nåsen;SN53160;05.2005;123,7
Jordalen - Nåsen;SN53160;06.2005;63
Jordalen - Nåsen;SN53160;07.2005;79,3
Jordalen - Nåsen;SN53160;08.2005;163,9
Jordalen - Nåsen;SN53160;09.2005;300,3
Jordalen - Nåsen;SN53160;10.2005;168,8
Jordalen - Nåsen;SN53160;11.2005;374,4
Jordalen - Nåsen;SN53160;12.2005;125,3
Jordalen - Nåsen;SN53160;01.2006;128,7
Jordalen - Nåsen;SN53160;02.2006;55,1
Jordalen - Nåsen;SN53160;03.2006;26,1
Jordalen - Nåsen;SN53160;04.2006;161,4
Jordalen - Nåsen;SN53160;05.2006;40,6
Jordalen - Nåsen;SN53160;06.2006;100,6
Jordalen - Nåsen;SN53160;07.2006;124,7
Jordalen - Nåsen;SN53160;08.2006;69,3
Jordalen - Nåsen;SN53160;09.2006;186,9
Jordalen - Nåsen;SN53160;10.2006;171,9
Jordalen - Nåsen;SN53160;11.2006;424,4
Jordalen - Nåsen;SN53160;12.2006;422,3
Jordalen - Nåsen;SN53160;01.2007;372,3
Jordalen - Nåsen;SN53160;02.2007;117
Jordalen - Nåsen;SN53160;03.2007;221
Jordalen - Nåsen;SN53160;04.2007;119,3
Jordalen - Nåsen;SN53160;05.2007;188
Jordalen - Nåsen;SN53160;06.2007;20,4
Jordalen - Nåsen;SN53160;07.2007;121,8
Jordalen - Nåsen;SN53160;08.2007;183,5
Jordalen - Nåsen;SN53160;09.2007;287,8
Jordalen - Nåsen;SN53160;10.2007;221,2
Jordalen - Nåsen;SN53160;11.2007;207,6
Jordalen - Nåsen;SN53160;12.2007;242,8
Jordalen - Nåsen;SN53160;01.2008;331
Jordalen - Nåsen;SN53160;02.2008;307,9
Jordalen - Nåsen;SN53160;03.2008;135,8
Jordalen - Nåsen;SN53160;04.2008;69,2
Jordalen - Nåsen;SN53160;05.2008;22
Jordalen - Nåsen;SN53160;06.2008;106,8
Jordalen - Nåsen;SN53160;07.2008;144,9
Jordalen - Nåsen;SN53160;08.2008;111,9
Jordalen - Nåsen;SN53160;09.2008;88,5
Jordalen - Nåsen;SN53160;10.2008;469,6
Jordalen - Nåsen;SN53160;11.2008;210
Jordalen - Nåsen;SN53160;12.2008;162,7
Jordalen - Nåsen;SN53160;01.2009;228
Jordalen - Nåsen;SN53160;02.2009;105,6
Jordalen - Nåsen;SN53160;03.2009;144,4
Jordalen - Nåsen;SN53160;04.2009;59,3
Jordalen - Nåsen;SN53160;05.2009;137,8
Jordalen - Nåsen;SN53160;06.2009;41,9
Jordalen - Nåsen;SN53160;07.2009;105,1
Jordalen - Nåsen;SN53160;08.2009;190
Jordalen - Nåsen;SN53160;09.2009;381,2
Jordalen - Nåsen;SN53160;10.2009;92,7
Jordalen - Nåsen;SN53160;11.2009;234,2
Jordalen - Nåsen;SN53160;12.2009;55,7
Jordalen - Nåsen;SN53160;01.2010;34,5
Jordalen - Nåsen;SN53160;02.2010;22
Jordalen - Nåsen;SN53160;03.2010;147,6
Jordalen - Nåsen;SN53160;04.2010;109,5
Jordalen - Nåsen;SN53160;05.2010;31
Jordalen - Nåsen;SN53160;06.2010;74,7
Jordalen - Nåsen;SN53160;07.2010;176,6
Jordalen - Nåsen;SN53160;08.2010;117,5
Jordalen - Nåsen;SN53160;09.2010;151,4
Jordalen - Nåsen;SN53160;10.2010;199,5
Jordalen - Nåsen;SN53160;11.2010;105
Jordalen - Nåsen;SN53160;12.2010;67,4
Jordalen - Nåsen;SN53160;01.2011;209,8
Jordalen - Nåsen;SN53160;02.2011;192,3
Jordalen - Nåsen;SN53160;03.2011;240,3
Jordalen - Nåsen;SN53160;04.2011;145,8
Jordalen - Nåsen;SN53160;05.2011;216,4
Jordalen - Nåsen;SN53160;06.2011;206,7
Jordalen - Nåsen;SN53160;07.2011;173,3
Jordalen - Nåsen;SN53160;08.2011;107,9
Jordalen - Nåsen;SN53160;09.2011;291,7
Jordalen - Nåsen;SN53160;10.2011;323,3
Jordalen - Nåsen;SN53160;11.2011;323,7
Jordalen - Nåsen;SN53160;12.2011;467,7
Jordalen - Nåsen;SN53160;01.2012;292,8
Jordalen - Nåsen;SN53160;02.2012;351,5
Jordalen - Nåsen;SN53160;03.2012;195,8
Jordalen - Nåsen;SN53160;04.2012;83,8
Jordalen - Nåsen;SN53160;05.2012;71
Jordalen - Nåsen;SN53160;06.2012;53,5
Jordalen - Nåsen;SN53160;07.2012;167,4
Jordalen - Nåsen;SN53160;08.2012;125
Jordalen - Nåsen;SN53160;09.2012;319,6
Jordalen - Nåsen;SN53160;10.2012;143,9
Jordalen - Nåsen;SN53160;11.2012;268,8
Jordalen - Nåsen;SN53160;12.2012;148,1
Jordalen - Nåsen;SN53160;01.2013;210,5
Jordalen - Nåsen;SN53160;02.2013;65,6
Jordalen - Nåsen;SN53160;03.2013;21,5
Jordalen - Nåsen;SN53160;04.2013;205,1
Jordalen - Nåsen;SN53160;05.2013;149,6
Jordalen - Nåsen;SN53160;06.2013;120,9
Jordalen - Nåsen;SN53160;07.2013;102,1
Jordalen - Nåsen;SN53160;08.2013;157,7
Jordalen - Nåsen;SN53160;09.2013;83,8
Jordalen - Nåsen;SN53160;10.2013;276,7
Jordalen - Nåsen;SN53160;11.2013;303,8
Jordalen - Nåsen;SN53160;12.2013;440,4
Jordalen - Nåsen;SN53160;01.2014;78,1
Jordalen - Nåsen;SN53160;02.2014;141,4
Jordalen - Nåsen;SN53160;03.2014;345,2
Jordalen - Nåsen;SN53160;04.2014;102,6
Jordalen - Nåsen;SN53160;05.2014;69,3
Jordalen - Nåsen;SN53160;06.2014;54
Jordalen - Nåsen;SN53160;07.2014;132,1
Jordalen - Nåsen;SN53160;08.2014;106,1
Jordalen - Nåsen;SN53160;09.2014;120,8
Jordalen - Nåsen;SN53160;10.2014;526,1
Jordalen - Nåsen;SN53160;11.2014;141,5
Jordalen - Nåsen;SN53160;12.2014;474,9
Jordalen - Nåsen;SN53160;01.2015;515
Jordalen - Nåsen;SN53160;02.2015;169,3
Jordalen - Nåsen;SN53160;03.2015;273
Jordalen - Nåsen;SN53160;04.2015;123,8
Jordalen - Nåsen;SN53160;05.2015;143,4
Jordalen - Nåsen;SN53160;06.2015;94
Jordalen - Nåsen;SN53160;07.2015;101,2
Jordalen - Nåsen;SN53160;08.2015;146,5
Jordalen - Nåsen;SN53160;09.2015;67,6
Jordalen - Nåsen;SN53160;10.2015;118,9
Jordalen - Nåsen;SN53160;11.2015;441,8
Jordalen - Nåsen;SN53160;12.2015;627
Jordalen - Nåsen;SN53160;01.2016;199,7
Jordalen - Nåsen;SN53160;02.2016;211,5
Jordalen - Nåsen;SN53160;03.2016;50,8
Jordalen - Nåsen;SN53160;04.2016;80,5
Jordalen - Nåsen;SN53160;05.2016;80,7
Jordalen - Nåsen;SN53160;06.2016;80,1
Jordalen - Nåsen;SN53160;07.2016;205,7
Jordalen - Nåsen;SN53160;08.2016;184
Jordalen - Nåsen;SN53160;09.2016;253,4
Jordalen - Nåsen;SN53160;10.2016;137,8
Jordalen - Nåsen;SN53160;11.2016;170,4
Jordalen - Nåsen;SN53160;12.2016;410,2
Jordalen - Nåsen;SN53160;01.2017;185
Jordalen - Nåsen;SN53160;02.2017;138,3
Jordalen - Nåsen;SN53160;03.2017;207
Jordalen - Nåsen;SN53160;04.2017;125,7
Jordalen - Nåsen;SN53160;05.2017;64
Jordalen - Nåsen;SN53160;06.2017;150,1
Jordalen - Nåsen;SN53160;07.2017;120
Jordalen - Nåsen;SN53160;08.2017;142,6
Jordalen - Nåsen;SN53160;09.2017;119,1
Jordalen - Nåsen;SN53160;10.2017;297
Jordalen - Nåsen;SN53160;11.2017;344,2
Jordalen - Nåsen;SN53160;12.2017;288,4
Jordalen - Nåsen;SN53160;01.2018;190,4
Jordalen - Nåsen;SN53160;02.2018;82,7
Jordalen - Nåsen;SN53160;03.2018;37,2
Jordalen - Nåsen;SN53160;04.2018;85
Jordalen - Nåsen;SN53160;05.2018;37,1
Jordalen - Nåsen;SN53160;06.2018;146,6
Jordalen - Nåsen;SN53160;07.2018;46,5
Jordalen - Nåsen;SN53160;08.2018;275
Jordalen - Nåsen;SN53160;09.2018;500,9
Jordalen - Nåsen;SN53160;10.2018;453,4
Jordalen - Nåsen;SN53160;11.2018;65,2
Jordalen - Nåsen;SN53160;12.2018;99,7
Jordalen - Nåsen;SN53160;01.2019;137
Jordalen - Nåsen;SN53160;02.2019;113,6
Jordalen - Nåsen;SN53160;03.2019;235,4
Jordalen - Nåsen;SN53160;04.2019;2,4
Jordalen - Nåsen;SN53160;05.2019;78,7
Jordalen - Nåsen;SN53160;06.2019;170,7
Jordalen - Nåsen;SN53160;07.2019;130,8
Jordalen - Nåsen;SN53160;08.2019;294,8
Jordalen - Nåsen;SN53160;09.2019;246
Jordalen - Nåsen;SN53160;10.2019;100,3
Jordalen - Nåsen;SN53160;11.2019;18,6
Jordalen - Nåsen;SN53160;12.2019;346
Jordalen - Nåsen;SN53160;01.2020;438,7
Jordalen - Nåsen;SN53160;02.2020;409,5
Jordalen - Nåsen;SN53160;03.2020;256,1
Jordalen - Nåsen;SN53160;04.2020;105
Jordalen - Nåsen;SN53160;05.2020;65
Jordalen - Nåsen;SN53160;06.2020;26,5
Jordalen - Nåsen;SN53160;07.2020;140,3
Jordalen - Nåsen;SN53160;08.2020;74,8
Jordalen - Nåsen;SN53160;09.2020;295,7
Jordalen - Nåsen;SN53160;10.2020;132,4
Tynset - Hansmoen;SN9580;08.2002;24,3
Tynset - Hansmoen;SN9580;09.2002;24,9
Tynset - Hansmoen;SN9580;10.2002;30,1
Tynset - Hansmoen;SN9580;11.2002;11,6
Tynset - Hansmoen;SN9580;12.2002;6,4
Tynset - Hansmoen;SN9580;01.2003;28,6
Tynset - Hansmoen;SN9580;02.2003;4,5
Tynset - Hansmoen;SN9580;03.2003;1
Tynset - Hansmoen;SN9580;02.2004;18,4
Tynset - Hansmoen;SN9580;05.2005;34
Tynset - Hansmoen;SN9580;06.2005;53,9
Tynset - Hansmoen;SN9580;07.2005;46,8
Tynset - Hansmoen;SN9580;08.2005;94,6
Tynset - Hansmoen;SN9580;09.2005;18,2
Tynset - Hansmoen;SN9580;10.2005;15,9
Tynset - Hansmoen;SN9580;11.2005;24,6
Tynset - Hansmoen;SN9580;12.2005;26,6
Tynset - Hansmoen;SN9580;01.2006;18
Tynset - Hansmoen;SN9580;02.2006;34,4
Tynset - Hansmoen;SN9580;03.2006;19,4
Tynset - Hansmoen;SN9580;04.2006;20,9
Tynset - Hansmoen;SN9580;05.2006;59,3
Tynset - Hansmoen;SN9580;06.2006;15
Tynset - Hansmoen;SN9580;07.2006;45,5
Tynset - Hansmoen;SN9580;08.2006;89,9
Tynset - Hansmoen;SN9580;09.2006;38,3
Tynset - Hansmoen;SN9580;10.2006;66,3
Tynset - Hansmoen;SN9580;11.2006;27,2
Tynset - Hansmoen;SN9580;12.2006;17,8
Tynset - Hansmoen;SN9580;01.2007;58,4
Tynset - Hansmoen;SN9580;02.2007;31,3
Tynset - Hansmoen;SN9580;03.2007;19,3
Tynset - Hansmoen;SN9580;04.2007;8,9
Tynset - Hansmoen;SN9580;05.2007;39,7
Tynset - Hansmoen;SN9580;06.2007;34,5
Tynset - Hansmoen;SN9580;07.2007;82,2
Tynset - Hansmoen;SN9580;08.2007;43,6
Tynset - Hansmoen;SN9580;09.2007;28,7
Tynset - Hansmoen;SN9580;10.2007;23,2
Tynset - Hansmoen;SN9580;11.2007;44,8
Tynset - Hansmoen;SN9580;12.2007;30,5
Tynset - Hansmoen;SN9580;01.2008;36,3
Tynset - Hansmoen;SN9580;02.2008;19,6
Tynset - Hansmoen;SN9580;03.2008;24,6
Tynset - Hansmoen;SN9580;04.2008;16,6
Tynset - Hansmoen;SN9580;05.2008;52,5
Tynset - Hansmoen;SN9580;06.2008;27,3
Tynset - Hansmoen;SN9580;07.2008;44,1
Tynset - Hansmoen;SN9580;08.2008;50,9
Tynset - Hansmoen;SN9580;09.2008;16,5
Tynset - Hansmoen;SN9580;10.2008;44,8
Tynset - Hansmoen;SN9580;11.2008;58,8
Tynset - Hansmoen;SN9580;12.2008;16,5
Tynset - Hansmoen;SN9580;01.2009;21,1
Tynset - Hansmoen;SN9580;02.2009;35,3
Tynset - Hansmoen;SN9580;03.2009;20,9
Tynset - Hansmoen;SN9580;04.2009;18,1
Tynset - Hansmoen;SN9580;05.2009;38,8
Tynset - Hansmoen;SN9580;06.2009;31,2
Tynset - Hansmoen;SN9580;07.2009;109
Tynset - Hansmoen;SN9580;08.2009;56
Tynset - Hansmoen;SN9580;09.2009;30,8
Tynset - Hansmoen;SN9580;10.2009;17,3
Tynset - Hansmoen;SN9580;11.2009;41,1
Tynset - Hansmoen;SN9580;12.2009;27,2
Tynset - Hansmoen;SN9580;01.2010;15,4
Tynset - Hansmoen;SN9580;02.2010;15,3
Tynset - Hansmoen;SN9580;03.2010;27,2
Tynset - Hansmoen;SN9580;04.2010;22,3
Tynset - Hansmoen;SN9580;05.2010;21,2
Tynset - Hansmoen;SN9580;06.2010;81,3
Tynset - Hansmoen;SN9580;07.2010;84
Tynset - Hansmoen;SN9580;08.2010;41
Tynset - Hansmoen;SN9580;09.2010;82,2
Tynset - Hansmoen;SN9580;10.2010;11,4
Tynset - Hansmoen;SN9580;11.2010;6,1
Tynset - Hansmoen;SN9580;12.2010;28,7
Tynset - Hansmoen;SN9580;01.2011;21,6
Tynset - Hansmoen;SN9580;02.2011;24,4
Tynset - Hansmoen;SN9580;03.2011;17,4
Tynset - Hansmoen;SN9580;04.2011;18,8
Tynset - Hansmoen;SN9580;05.2011;30,1
Tynset - Hansmoen;SN9580;06.2011;80,3
Tynset - Hansmoen;SN9580;07.2011;118,9
Tynset - Hansmoen;SN9580;08.2011;132,4
Tynset - Hansmoen;SN9580;09.2011;42,3
Tynset - Hansmoen;SN9580;10.2011;23,3
Tynset - Hansmoen;SN9580;11.2011;19,5
Tynset - Hansmoen;SN9580;12.2011;31,6
Tynset - Hansmoen;SN9580;01.2012;39,3
Tynset - Hansmoen;SN9580;02.2012;12,4
Tynset - Hansmoen;SN9580;03.2012;14,8
Tynset - Hansmoen;SN9580;04.2012;36,5
Tynset - Hansmoen;SN9580;05.2012;31,4
Tynset - Hansmoen;SN9580;06.2012;71,9
Tynset - Hansmoen;SN9580;07.2012;99,5
Tynset - Hansmoen;SN9580;08.2012;92,1
Tynset - Hansmoen;SN9580;09.2012;34,2
Tynset - Hansmoen;SN9580;10.2012;38
Tynset - Hansmoen;SN9580;11.2012;20
Tynset - Hansmoen;SN9580;12.2012;12,9
Tynset - Hansmoen;SN9580;01.2013;21,7
Tynset - Hansmoen;SN9580;02.2013;28,6
Tynset - Hansmoen;SN9580;03.2013;16
Tynset - Hansmoen;SN9580;04.2013;4,9
Tynset - Hansmoen;SN9580;05.2013;76,6
Tynset - Hansmoen;SN9580;06.2013;107,7
Tynset - Hansmoen;SN9580;07.2013;15,4
Tynset - Hansmoen;SN9580;08.2013;95,8
Tynset - Hansmoen;SN9580;09.2013;15,6
Tynset - Hansmoen;SN9580;10.2013;42
Tynset - Hansmoen;SN9580;11.2013;16,3
Tynset - Hansmoen;SN9580;12.2013;32,2
Tynset - Hansmoen;SN9580;01.2014;22,3
Tynset - Hansmoen;SN9580;02.2014;12,7
Tynset - Hansmoen;SN9580;03.2014;12,9
Tynset - Hansmoen;SN9580;04.2014;12
Tynset - Hansmoen;SN9580;05.2014;54,6
Tynset - Hansmoen;SN9580;06.2014;36
Tynset - Hansmoen;SN9580;07.2014;59,6
Tynset - Hansmoen;SN9580;08.2014;98,1
Tynset - Hansmoen;SN9580;09.2014;11,8
Tynset - Hansmoen;SN9580;10.2014;40,7
Tynset - Hansmoen;SN9580;11.2014;20,6
Tynset - Hansmoen;SN9580;12.2014;26,8
Tynset - Hansmoen;SN9580;01.2015;29
Tynset - Hansmoen;SN9580;02.2015;36,1
Tynset - Hansmoen;SN9580;03.2015;31,4
Tynset - Hansmoen;SN9580;04.2015;17,8
Tynset - Hansmoen;SN9580;05.2015;67
Tynset - Hansmoen;SN9580;06.2015;50,9
Tynset - Hansmoen;SN9580;07.2015;82,4
Tynset - Hansmoen;SN9580;08.2015;38,5
Tynset - Hansmoen;SN9580;09.2015;40,7
Tynset - Hansmoen;SN9580;10.2015;5,7
Tynset - Hansmoen;SN9580;11.2015;10,4
Tynset - Hansmoen;SN9580;12.2015;26
Tynset - Hansmoen;SN9580;01.2016;26,5
Tynset - Hansmoen;SN9580;02.2016;19,1
Tynset - Hansmoen;SN9580;03.2016;27,6
Tynset - Hansmoen;SN9580;04.2016;21,1
Tynset - Hansmoen;SN9580;05.2016;39,1
Tynset - Hansmoen;SN9580;06.2016;27,1
Tynset - Hansmoen;SN9580;07.2016;108,1
Tynset - Hansmoen;SN9580;08.2016;63,1
Tynset - Hansmoen;SN9580;09.2016;56,2
Tynset - Hansmoen;SN9580;10.2016;2,1
Tynset - Hansmoen;SN9580;11.2016;71,8
Tynset - Hansmoen;SN9580;12.2016;48,8
Tynset - Hansmoen;SN9580;01.2017;21,6
Tynset - Hansmoen;SN9580;02.2017;19,6
Tynset - Hansmoen;SN9580;03.2017;10,9
Tynset - Hansmoen;SN9580;04.2017;24,4
Tynset - Hansmoen;SN9580;05.2017;41
Tynset - Hansmoen;SN9580;06.2017;75
Tynset - Hansmoen;SN9580;07.2017;81,5
Tynset - Hansmoen;SN9580;08.2017;70,1
Tynset - Hansmoen;SN9580;09.2017;30,5
Tynset - Hansmoen;SN9580;10.2017;64,1
Tynset - Hansmoen;SN9580;11.2017;40
Tynset - Hansmoen;SN9580;12.2017;33,7
Tynset - Hansmoen;SN9580;01.2018;47,3
Tynset - Hansmoen;SN9580;02.2018;29,4
Tynset - Hansmoen;SN9580;03.2018;23,9
Tynset - Hansmoen;SN9580;04.2018;17,8
Tynset - Hansmoen;SN9580;05.2018;17,9
Tynset - Hansmoen;SN9580;06.2018;29,7
Tynset - Hansmoen;SN9580;07.2018;47,1
Tynset - Hansmoen;SN9580;08.2018;114,7
Tynset - Hansmoen;SN9580;09.2018;43,4
Tynset - Hansmoen;SN9580;10.2018;32,8
Tynset - Hansmoen;SN9580;11.2018;27,3
Tynset - Hansmoen;SN9580;12.2018;57,5
Tynset - Hansmoen;SN9580;01.2019;82,8
Tynset - Hansmoen;SN9580;02.2019;38,9
Tynset - Hansmoen;SN9580;03.2019;26,7
Tynset - Hansmoen;SN9580;04.2019;0,5
Tynset - Hansmoen;SN9580;05.2019;51,1
Tynset - Hansmoen;SN9580;06.2019;64,8
Tynset - Hansmoen;SN9580;07.2019;29,3
Tynset - Hansmoen;SN9580;08.2019;50,7
Tynset - Hansmoen;SN9580;09.2019;38,9
Tynset - Hansmoen;SN9580;10.2019;44,7
Tynset - Hansmoen;SN9580;11.2019;44,6
Tynset - Hansmoen;SN9580;12.2019;30,7
Tynset - Hansmoen;SN9580;01.2020;13,3
Tynset - Hansmoen;SN9580;02.2020;13
Tynset - Hansmoen;SN9580;03.2020;16,7
Tynset - Hansmoen;SN9580;04.2020;9,1
Tynset - Hansmoen;SN9580;05.2020;10,4
Tynset - Hansmoen;SN9580;06.2020;47,5
Tynset - Hansmoen;SN9580;07.2020;54,8
Tynset - Hansmoen;SN9580;08.2020;44,2
Tynset - Hansmoen;SN9580;09.2020;38,7
Tynset - Hansmoen;SN9580;10.2020;30,6
Data er gyldig per 19.11.2020 (CC BY 4.0), Meteorologisk institutt (MET);;;
